use XtremeWorld;

set dateformat ymd;

insert into FormatoIdPersona(descripcion) 
values ('DPI'),
       ('Pasaporte')

insert into Genero (descripcion)
values ('Femenino'),
	   ('Masculino')	

insert into Pais (nombre)
values ('Guatemala'),
	   ('Mexico'),
       ('Estados Unidos'),
	   ('El Salvador'),
	   ('Honduras'),
	   ('Costa Rica'),
	   ('Nicaragua')

insert into Departamento (nombre, id_pais)
values ('Petén',1),
       ('Huehuetenango',1),
	   ('Quiché',1),
	   ('Alta Verapaz',1),
	   ('Izabal',1),
	   ('San Marcos',1),
	   ('Quetzaltenango',1),
	   ('Totonicapán',1),
	   ('Sololá',1),
	   ('Chimaltenango',1),
	   ('Sacatepequez',1),
	   ('Guatemala',1),
	   ('Baja Verapaz',1),
	   ('El Progreso',1),
	   ('Jalapa',1),
	   ('Zacapa',1),
	   ('Chiquimula',1),
	   ('Retalhuleu',1),
	   ('Suchitepequez',1),
	   ('Escuintla',1),
	   ('Santa Rosa',1),
	   ('Jutiapa',1)


insert into Dia(id, descripcion)
values (1, 'Domingo'),
       (2, 'Lunes'),
	   (3, 'Martes'),
	   (4, 'Miércoles'),
	   (5, 'Jueves'),
	   (6, 'Viernes'),
	   (7, 'Sábado')	   


insert into FormaPago (descripcion)
values ('Efectivo'),
	   ('Tarjeta de Crédito'),
	   ('Tarjeta de Débito')	


insert into Categoria (descripcion)
values ('Humor'),
	   ('Teatro'),
	   ('Musical'),
	   ('Danza')	

insert into Cargo (descripcion)
values ('Seguridad'),
	   ('Atención al Cliente'),
	   ('Ventas'),
	   ('Mantenimiento'),
	   ('Administración')

insert into TipoRegistro (descripcion)
values ('Entrada'), 
	   ('Salida')

insert into TipoSalario (descripcion)
values ('Quincena'),
	   ('Mensual')


insert into Area (nombre)
values ('Ala Sur'),
	   ('Ala Norte'),
	   ('Central'),
	   ('Ala Este'),
	   ('Ala Oeste')
	  
insert into Ubicacion (apartado, id_area)
values ('A', 1), ('B', 1), ('C', 1), ('D', 1),
	   ('A', 2), ('B', 2), ('C', 2), ('D', 2),
	   ('A', 3), ('B', 3), ('C', 3), ('D', 3), ('E', 3), ('F', 3),
	   ('A', 4), ('B', 4), ('C', 4), ('D', 4),
	   ('A', 5), ('B', 5), ('C', 5), ('D', 5)
	  
insert into Ubicacion (apartado, id_area)
values ('Completo', 1),
	   ('Completo', 2),
	   ('Completo', 3),
	   ('Completo', 4),
	   ('Completo', 5)

insert into Kiosko (nombre, id_ubicacion)
values ('Welcome', 5),
	   ('Kiosko Sur', 1),
	   ('Kiosko Norte', 6),
	   ('Kiosko Central', 9),
	   ('Kiosko Este', 15),
	   ('Kiosko Oeste', 19)
	   

insert into Persona (id_personal, formato_idPersonal, nombre, apellido, fecha_nac, genero)
values ('3280261291101', 1, 'Daniel Enrique', 'Estupe Gonzalez', '1997-9-8', 2),
	   ('3423476745646', 1, 'Maria', 'Batrez', '1990-3-23', 1),
	   ('4245243423434', 1, 'Susana', 'Alvarado', '1992-12-25', 1),
	   ('4363554351314', 1, 'Manuel', 'Rosales', '1986-5-15', 2),
	   ('6354523423413', 1, 'Jimena', 'Herrera', '1976-1-1', 1),
	   ('7256324543512', 1, 'Ricardo Jose', 'Turcios Barrios', '1988-7-2', 2),
	   ('7235623454334', 1, 'Pedro', 'Lopez Lopez', '1995-3-18', 2),
	   ('3245523423413', 1, 'Sofia', 'Cujuy Lux', '2000-9-20', 1),
	   ('3432657645232', 1, 'Marcos', 'Sales Juarez', '1974-3-20', 2),
	   ('4234298418293', 1, 'Maria del Carmen', 'Perez Vasquez', '1980-5-10', 1),
	   ('3224235351433', 1, 'Carol', 'Salinas del Cid', '1977-8-12', 1),
	   ('3452433423409', 1, 'Ramon', 'Flores del Toro', '1980-3-23', 2),
	   ('2343342432433', 1, 'Caridad', 'Loaiza Paes', '1960-12-12', 1),
	   ('3234234533244', 1, 'Sofonias', 'Carreto Ramirez', '1978-7-18', 2),
	   ('3245734538568', 1, 'Hugo', 'López', '1988-1-12', 2),
	   ('4334675463456', 1, 'Yiyo', 'Cabañas Cifuentes', '1990-11-11', 2),
	   ('3434434354355', 1, 'Roberto Ismael', 'Ydigoras Fuentes', '1960-7-23', 2),
	   ('2345242344323', 1, 'Rodrigo', 'Sanchez', '1979-4-19', 2),
	   ('4323242865843', 1, 'Eduardo', 'López Campollo', '1970-3-29', 2),
	   ('3423245739596', 1, 'Samanta', 'Ramírez', '1989-2-20', 1),
	   ('3636235352343', 1, 'Luis', 'Rivera Sánchez', '1980-7-17', 2),
	   ('3228523492304', 1, 'Jorge', 'Cifuentes del Valle', '1970-8-19', 2),
	   ('4335983604350', 1, 'Karina', 'Montes', '1978-3-12', 1),
	   ('3232536234355', 1, 'Martina', 'Delgado', '1994-10-20', 1),
	   ('3242634535234', 1, 'Sara', 'Martínez Camacho', '1977-2-19', 1),
	   ('3492398524334', 1, 'Jonás', 'Macal Torres', '1980-9-8', 2),
	   ('3836894505234', 1, 'Abdias', 'Pérez', '1978-5-28', 2),
	   ('3834524234334', 1, 'Arelis', 'Parra', '1989-7-14', 1),
	   ('3289532948343', 1, 'Rafael', 'Nuñez', '1969-8-10', 2),
	   ('3523892352358', 1, 'Fausto', 'Morales', '1988-3-18', 2),
	   ('3236809752344', 1, 'Ismael', 'Cala', '1979-2-19', 2),
	   ('3923592482344', 1, 'Marta', 'Torres', '1989-9-29', 1),
	   ('3409648594554', 1, 'Enrique', 'Estrada', '1985-5-20', 2),
	   ('3420452358943', 1, 'Carlos Eduardo', 'Parra López', '1978-11-29', 2),  
	   ('3455894390233', 1, 'Nombre 1', 'Apellido 1', '1980-1-2', 1),
	   ('5798237834889', 1, 'Nombre 2', 'Apellido 2', '1980-1-2', 1),
	   ('7905232345874', 1, 'Nombre 3', 'Apellido 3', '1980-1-2', 1),
	   ('5023845723475', 1, 'Nombre 4', 'Apellido 4', '1980-1-2', 1),
	   ('7593479239434', 1, 'Nombre 5', 'Apellido 5', '1980-1-2', 1),
	   ('2038475209399', 1, 'Nombre 6', 'Apellido 6', '1980-1-2', 1),
	   ('4283094804792', 1, 'Nombre 7', 'Apellido 7', '1980-1-2', 1),
	   ('4230571258374', 1, 'Nombre 8', 'Apellido 8', '1980-1-2', 1),
	   ('4230195792343', 1, 'Nombre 9', 'Apellido 9', '1980-1-2', 1),
	   ('1753055349343', 1, 'Nombre 10', 'Apellido 10', '1980-1-2', 1),
	   ('7942792384847', 1, 'Nombre 11', 'Apellido 11', '1980-1-2', 2),
	   ('8732493847239', 1, 'Nombre 12', 'Apellido 12', '1980-1-2', 2),
	   ('7492329492030', 1, 'Nombre 13', 'Apellido 13', '1980-1-2', 2),
	   ('4942025878324', 1, 'Nombre 14', 'Apellido 14', '1980-1-2', 2),
	   ('4835909585234', 1, 'Nombre 15', 'Apellido 15', '1980-1-2', 2),
	   ('8503534579874', 1, 'Nombre 16', 'Apellido 16', '1980-1-2', 2),
	   ('4097385793439', 1, 'Nombre 17', 'Apellido 17', '1980-1-2', 2),
	   ('5409753215234', 1, 'Nombre 18', 'Apellido 18', '1980-1-2', 2),
	   ('2349787573284', 1, 'Nombre 19', 'Apellido 19', '1980-1-2', 2),
	   ('5894305747934', 1, 'Nombre 20', 'Apellido 20', '1993-6-12', 1),
	   ('7049832748234', 1, 'Nombre 21', 'Apellido 21', '1993-6-12', 1),
	   ('8539450759387', 1, 'Nombre 22', 'Apellido 22', '1993-6-12', 1),
	   ('3457987345434', 1, 'Nombre 23', 'Apellido 23', '1993-6-12', 1),
	   ('9305805832343', 1, 'Nombre 24', 'Apellido 24', '1993-6-12', 1),
	   ('4327947320593', 1, 'Nombre 25', 'Apellido 25', '1993-6-12', 1),
	   ('8250934053794', 1, 'Nombre 26', 'Apellido 26', '1993-6-12', 1),
	   ('4902340543748', 1, 'Nombre 27', 'Apellido 27', '1993-6-12', 1),
	   ('2739479238795', 1, 'Nombre 28', 'Apellido 28', '1993-6-12', 1),
	   ('4298375873842', 1, 'Nombre 29', 'Apellido 29', '1993-6-12', 1),
	   ('8932471039849', 1, 'Nombre 30', 'Apellido 30', '1979-6-20', 2),
	   ('7498327483223', 1, 'Nombre 31', 'Apellido 31', '1979-6-20', 2),
	   ('4279874283433', 1, 'Nombre 32', 'Apellido 32', '1979-6-20', 2),
	   ('2348973247875', 1, 'Nombre 33', 'Apellido 33', '1979-6-20', 2),
	   ('4283795283443', 1, 'Nombre 34', 'Apellido 34', '1979-6-20', 2),
	   ('3247925793857', 1, 'Nombre 35', 'Apellido 35', '1979-6-20', 2),
	   ('4280935729857', 1, 'Nombre 36', 'Apellido 36', '1979-6-20', 2),
	   ('4029835895944', 1, 'Nombre 37', 'Apellido 37', '1979-6-20', 2),
	   ('4230918749384', 1, 'Nombre 38', 'Apellido 38', '1979-6-20', 2),
	   ('3485083460865', 1, 'Nombre 39', 'Apellido 39', '1979-6-20', 2),
	   ('8957235304587', 1, 'Nombre 40', 'Apellido 40', '1990-11-2', 1),
	   ('3709432759845', 1, 'Nombre 41', 'Apellido 41', '1990-11-2', 1),
	   ('8435979328479', 1, 'Nombre 42', 'Apellido 42', '1990-11-2', 1),
	   ('2758092375744', 1, 'Nombre 43', 'Apellido 43', '1990-11-2', 1),
	   ('3275987834534', 1, 'Nombre 44', 'Apellido 44', '1990-11-2', 1),
	   ('2835790873454', 1, 'Nombre 45', 'Apellido 45', '1990-11-2', 1),
	   ('3458920347534', 1, 'Nombre 46', 'Apellido 46', '1990-11-2', 1),
	   ('5320973458739', 1, 'Nombre 47', 'Apellido 47', '1990-11-2', 1),
	   ('3589402759349', 1, 'Nombre 48', 'Apellido 48', '1990-11-2', 1),
	   ('5380942647695', 1, 'Nombre 49', 'Apellido 49', '1990-11-2', 1),
	   ('1723346265563', 1, 'Nombre 50', 'Apellido 50', '1985-3-10', 2),
	   ('5897384579845', 1, 'Nombre 51', 'Apellido 51', '1985-3-10', 2),
	   ('7295874385743', 1, 'Nombre 52', 'Apellido 52', '1985-3-10', 2),
	   ('5279837537489', 1, 'Nombre 53', 'Apellido 53', '1985-3-10', 2),
	   ('8752903476378', 1, 'Nombre 54', 'Apellido 54', '1985-3-10', 2),
	   ('3845890723857', 1, 'Nombre 55', 'Apellido 55', '1985-3-10', 2),
	   ('8957823475738', 1, 'Nombre 56', 'Apellido 56', '1985-3-10', 2),
	   ('3874597345384', 1, 'Nombre 57', 'Apellido 57', '1985-3-10', 2),
	   ('7598734857942', 1, 'Nombre 58', 'Apellido 58', '1985-3-10', 2),
	   ('5290837458434', 1, 'Nombre 59', 'Apellido 59', '1985-3-10', 2),
	   ('5809234759438', 2, 'Nombre 60', 'Apellido 60', '1995-8-8', 1),
	   ('7598374875434', 2, 'Nombre 61', 'Apellido 61', '1995-8-8', 1),
	   ('5330952734053', 2, 'Nombre 62', 'Apellido 62', '1995-8-8', 1),
	   ('5089723574932', 2, 'Nombre 63', 'Apellido 63', '1995-8-8', 1),
	   ('3247985094357', 2, 'Nombre 64', 'Apellido 64', '1995-8-8', 1),
	   ('3507938457834', 2, 'Nombre 65', 'Apellido 65', '1995-8-8', 1),
	   ('4923753785793', 2, 'Nombre 66', 'Apellido 66', '1995-8-8', 1),
	   ('4289379402394', 2, 'Nombre 67', 'Apellido 67', '1995-8-8', 1),
	   ('4293758739842', 2, 'Nombre 68', 'Apellido 68', '1995-8-8', 1),
	   ('2759582345765', 2, 'Nombre 69', 'Apellido 69', '1995-8-8', 1),
	   ('5347059247583', 2, 'Nombre 70', 'Apellido 70', '1989-11-21', 2),
	   ('7049283748344', 2, 'Nombre 71', 'Apellido 71', '1989-11-21', 2),
	   ('7592305743893', 2, 'Nombre 72', 'Apellido 72', '1989-11-21', 2),
	   ('3509382749343', 2, 'Nombre 73', 'Apellido 73', '1989-11-21', 2),
	   ('4239087582343', 2, 'Nombre 74', 'Apellido 74', '1989-11-21', 2),
	   ('2389495057947', 2, 'Nombre 75', 'Apellido 75', '1989-11-21', 2),
	   ('4230975878345', 2, 'Nombre 76', 'Apellido 76', '1989-11-21', 2),
	   ('2408347959843', 2, 'Nombre 77', 'Apellido 77', '1989-11-21', 2),
	   ('2857093758432', 2, 'Nombre 78', 'Apellido 78', '1989-11-21', 2),
	   ('3456345489258', 2, 'Nombre 79', 'Apellido 79', '1989-11-21', 2),
	   ('7423794793759', 2, 'Nombre 80', 'Apellido 80', '1960-5-17', 2),
	   ('7029347042378', 2, 'Nombre 81', 'Apellido 81', '1960-5-17', 2),
	   ('8327957239423', 2, 'Nombre 82', 'Apellido 82', '1960-5-17', 2),
	   ('4238795273844', 2, 'Nombre 83', 'Apellido 83', '1960-5-17', 2),
	   ('2389059084753', 2, 'Nombre 84', 'Apellido 84', '1960-5-17', 2),
	   ('3285793478324', 2, 'Nombre 85', 'Apellido 85', '1960-5-17', 2),
	   ('2438975872434', 2, 'Nombre 86', 'Apellido 86', '1960-5-17', 2),
	   ('2358798453433', 2, 'Nombre 87', 'Apellido 87', '1960-5-17', 2),
	   ('2259767034543', 2, 'Nombre 88', 'Apellido 88', '1960-5-17', 2),
	   ('3285978732445', 2, 'Nombre 89', 'Apellido 89', '1960-5-17', 2),
	   ('3486309873534', 2, 'Nombre 90', 'Apellido 90', '1973-4-25', 2),
	   ('5709857234234', 2, 'Nombre 91', 'Apellido 91', '1973-4-25', 2),
	   ('5390872535804', 2, 'Nombre 92', 'Apellido 92', '1973-4-25', 2),
	   ('2709385792343', 2, 'Nombre 93', 'Apellido 93', '1973-4-25', 2),
	   ('5209837483452', 2, 'Nombre 94', 'Apellido 94', '1973-4-25', 2),
	   ('2348793754353', 2, 'Nombre 95', 'Apellido 95', '1973-4-25', 2),
	   ('2750973434532', 2, 'Nombre 96', 'Apellido 96', '1973-4-25', 2),
	   ('5972304027523', 2, 'Nombre 97', 'Apellido 97', '1973-4-25', 2),
	   ('2398574305934', 2, 'Nombre 98', 'Apellido 98', '1973-4-25', 2),
	   ('3489763485345', 2, 'Nombre 99', 'Apellido 99', '1973-4-25', 2),
	   ('3445098579234', 2, 'Nombre 100', 'Apellido 100', '1993-10-10', 2),
	   ('7039754972394', 2, 'Nombre 101', 'Apellido 101', '1993-10-10', 2),
	   ('4723975034483', 2, 'Nombre 102', 'Apellido 102', '1993-10-10', 2),
	   ('3475903462343', 2, 'Nombre 103', 'Apellido 103', '1993-10-10', 2),
	   ('3250987358459', 2, 'Nombre 104', 'Apellido 104', '1993-10-10', 2),
	   ('3890467745834', 2, 'Nombre 105', 'Apellido 105', '1993-10-10', 2),
	   ('3479086347435', 2, 'Nombre 106', 'Apellido 106', '1993-10-10', 2),
	   ('3468890376349', 2, 'Nombre 107', 'Apellido 107', '1993-10-10', 2),
	   ('3679876834455', 2, 'Nombre 108', 'Apellido 108', '1993-10-10', 2),
	   ('3467987438455', 2, 'Nombre 109', 'Apellido 109', '1993-10-10', 2),
	   ('9635983454354', 2, 'Nombre 110', 'Apellido 110', '1990-3-16', 2),
	   ('3274982375034', 2, 'Nombre 111', 'Apellido 111', '1990-3-16', 2),
	   ('2375094587955', 2, 'Nombre 112', 'Apellido 112', '1990-3-16', 2),
	   ('3707293760740', 2, 'Nombre 113', 'Apellido 113', '1990-3-16', 2),
	   ('2679740547584', 2, 'Nombre 114', 'Apellido 114', '1990-3-16', 2),
	   ('8238540967454', 2, 'Nombre 115', 'Apellido 115', '1990-3-16', 2),
	   ('4386039475943', 2, 'Nombre 116', 'Apellido 116', '1990-3-16', 2),
	   ('9085049872345', 2, 'Nombre 117', 'Apellido 117', '1990-3-16', 2),
	   ('3897768374934', 2, 'Nombre 118', 'Apellido 118', '1990-3-16', 2),
	   ('4238597934758', 2, 'Nombre 119', 'Apellido 119', '1990-3-16', 2),
	   ('7234978572933', 2, 'Nombre 120', 'Apellido 120', '1984-12-25', 1),
	   ('7539742387344', 2, 'Nombre 121', 'Apellido 121', '1984-12-25', 1),
	   ('3479807450345', 2, 'Nombre 122', 'Apellido 122', '1984-12-25', 1),
	   ('4357908372545', 2, 'Nombre 123', 'Apellido 123', '1984-12-25', 1),
	   ('3476093745587', 2, 'Nombre 124', 'Apellido 124', '1984-12-25', 1),
	   ('8459873496730', 2, 'Nombre 125', 'Apellido 125', '1984-12-25', 1),
	   ('3467908374573', 2, 'Nombre 126', 'Apellido 126', '1984-12-25', 1),
	   ('4570934754667', 2, 'Nombre 127', 'Apellido 127', '1984-12-25', 1),
	   ('7509347963487', 2, 'Nombre 128', 'Apellido 128', '1984-12-25', 1),
	   ('3470957348596', 2, 'Nombre 129', 'Apellido 129', '1984-12-25', 1),
	   ('5739758347594', 2, 'Nombre 130', 'Apellido 130', '1993-11-15', 1),
	   ('7943758739234', 2, 'Nombre 131', 'Apellido 131', '1993-11-15', 1),
	   ('3054704570485', 2, 'Nombre 132', 'Apellido 132', '1993-11-15', 1),
	   ('3475037406985', 2, 'Nombre 133', 'Apellido 133', '1993-11-15', 1),
	   ('5793477298349', 2, 'Nombre 134', 'Apellido 134', '1993-11-15', 1),
	   ('2357972375895', 2, 'Nombre 135', 'Apellido 135', '1993-11-15', 1),
	   ('3258937495703', 2, 'Nombre 136', 'Apellido 136', '1993-11-15', 1),
	   ('4579274042305', 2, 'Nombre 137', 'Apellido 137', '1993-11-15', 1),
	   ('2309579375234', 2, 'Nombre 138', 'Apellido 138', '1993-11-15', 1),
	   ('5207987523566', 2, 'Nombre 139', 'Apellido 139', '1993-11-15', 1),
	   ('5983757984759', 1, 'Nombre 140', 'Apellido 140', '1993-8-15', 2),
	   ('5298374375856', 1, 'Nombre 141', 'Apellido 141', '1993-8-15', 2),
	   ('4039578796894', 1, 'Nombre 142', 'Apellido 142', '1993-8-15', 2),
	   ('3487039467856', 1, 'Nombre 143', 'Apellido 143', '1993-8-15', 2),
	   ('3476096748756', 1, 'Nombre 144', 'Apellido 144', '1993-8-15', 2),
	   ('3468907345706', 1, 'Nombre 145', 'Apellido 145', '1993-8-15', 2),
	   ('5476937486894', 1, 'Nombre 146', 'Apellido 146', '1993-8-15', 2),
	   ('2758972358643', 1, 'Nombre 147', 'Apellido 147', '1993-8-15', 2),
	   ('3487690374679', 1, 'Nombre 148', 'Apellido 148', '1993-8-15', 2),
	   ('7953472934346', 1, 'Nombre 149', 'Apellido 149', '1993-8-15', 2),
	   ('4457687969234', 1, 'Nombre 150', 'Apellido 150', '1993-2-6', 2)
	   
	   
insert into Empleado (id_persona, id_cargo, id_ubicacion, telefono)
values (1, 2, 5, '43545676'),
	   (2, 2, 1, '34434332'),
	   (3, 2, 6, '43546554'),
	   (4, 2, 9, '56544545'),
	   (5, 2, 19, '49292445'),
	   (6, 2, 15, '49103423'),
	   (7, 1, 23, '43845756'),
	   (8, 1, 24, '52237900'),
	   (9, 1, 25, '43433343'),
	   (10, 1, 26, '45243534'),
	   (11, 1, 27, '33623454'),
	   (12, 1, 25, '42453242'),
	   (13, 3, 5, '44362375'),
	   (14, 3, 5, '40123489'),
	   (15, 3, 1, '51342343'),
	   (16, 3, 1, '52243243'),
	   (17, 3, 6, '42523432'),
	   (18, 3, 6, '49866456'),
	   (19, 3, 9, '51233212'),
	   (20, 3, 9, '46351234'),
	   (21, 3, 19, '35142342'),
	   (22, 3, 19, '40234123'),
	   (23, 3, 15, '40343523'),
	   (24, 3, 15, '54242341'),
	   (25, 4, 23, '52324344'),
	   (26, 4, 24, '36424324'),
	   (27, 4, 25, '47846343'),
	   (28, 4, 26, '45242343'),
	   (29, 4, 27, '41234123'),
	   (30, 5, 6, '36352344'),
	   (31, 5, 6, '37354323'),
	   (32, 5, 6, '40263468'),
	   (33, 5, 6, '51234233'),
	   (34, 5, 6, '45232344')
	   
insert into Planilla (id_empleado, salario, tipo_salario)
values (1, 2200, 2),
	   (2, 2200, 2),
	   (3, 2200, 2),
	   (4, 2200, 2),
	   (5, 2200, 2),
	   (6, 2200, 2),
	   (7, 1500, 1),
	   (8, 1500, 1),
	   (9, 1500, 1),
	   (10, 1500, 1),
	   (11, 1500, 1),
	   (12, 1500, 1),
	   (13, 2500, 2),
	   (14, 2500, 2),
	   (15, 2500, 2),
	   (16, 2500, 2),
	   (17, 2500, 2),
	   (18, 2500, 2),
	   (19, 2500, 2),
	   (20, 2500, 2),
	   (21, 2500, 2),
	   (22, 2500, 2),
	   (23, 2300, 2),
	   (24, 2300, 2),
	   (25, 2300, 2),
	   (26, 2300, 2),
	   (27, 2300, 2),
	   (28, 2300, 2),
	   (29, 2300, 2),
	   (30, 2400, 2),
	   (31, 2400, 2),
	   (32, 2400, 2),
	   (33, 2400, 2),
	   (34, 2400, 2)



insert into Artista (nombre, id_categoria, telefono)
values ('Artista 1', 1, '54455676'),
       ('Artista 2', 2, '78878784'),
	   ('Artista 3', 3, '43434312'),
	   ('Artista 4', 4, '44323323'),
	   ('Artista 5', 1, '77332343'),
	   ('Artista 6', 2, '34435454'),
	   ('Artista 7', 3, '42938428'),
	   ('Artista 8', 4, '52343928')


insert into Direccion (id_persona, id_departamento)
values (1, 18), 
	   (2, 7),
	   (3, 18),
	   (4, 7),
	   (5, 12),
	   (6, 7),
	   (7, 19),
	   (8, 19),
	   (9, 3),
	   (10, 7),
	   (11, 11),
	   (12, 18),
	   (13, 20),
	   (14, 11),
	   (15, 18),
	   (16, 20),
	   (17, 20),
	   (18, 18),
	   (19, 12),
	   (20, 18),
	   (21, 20),
	   (22, 12),
	   (23, 11),
	   (24, 12),
	   (25, 11),
	   (26, 18),
	   (27, 20),
	   (28, 20),
	   (29, 18),
	   (30, 12),
	   (31, 12),
	   (32, 7),
	   (33, 20),
	   (34, 12)

	   
	   
insert into HorarioLaboral (id_cargo, id_dia, hora, id_tipoRegistro)
values (1, 1, '8:00:00', 1),
       (1, 2, '8:00:00', 1),
	   (1, 3, '8:00:00', 1),
	   (1, 4, '8:00:00', 1),
	   (1, 6, '8:00:00', 1),
	   (1, 7, '8:00:00', 1),
	   (1, 1, '17:00:00', 2),
	   (1, 2, '17:00:00', 2),
	   (1, 3, '17:00:00', 2),
	   (1, 4, '17:00:00', 2),
	   (1, 6, '17:00:00', 2),
	   (1, 7, '17:00:00', 2),
	   (2, 1, '9:00:00', 1),
	   (2, 2, '9:00:00', 1),
	   (2, 3, '9:00:00', 1),
       (2, 4, '9:00:00', 1),
	   (2, 6, '9:00:00', 1),
	   (2, 7, '9:00:00', 1),
	   (2, 1, '16:00:00', 2),
	   (2, 2, '16:00:00', 2),
	   (2, 3, '16:00:00', 2),
	   (2, 4, '16:00:00', 2),
	   (2, 6, '16:00:00', 2),
	   (2, 7, '16:00:00', 2),
	   (3, 1, '8:00:00', 1),
	   (3, 2, '8:00:00', 1),
	   (3, 3, '8:00:00', 1),
	   (3, 4, '8:00:00', 1),
	   (3, 6, '8:00:00', 1),
	   (3, 7, '8:00:00', 1),
       (3, 1, '16:00:00', 2),
	   (3, 2, '16:00:00', 2),
	   (3, 3, '16:00:00', 2),
	   (3, 4, '16:00:00', 2),
	   (3, 6, '16:00:00', 2),
	   (3, 7, '16:00:00', 2),
	   (4, 1, '8:00:00', 1),
	   (4, 2, '8:00:00', 1),
	   (4, 3, '8:00:00', 1),
	   (4, 4, '8:00:00', 1),
	   (4, 6, '8:00:00', 1),
	   (4, 7, '8:00:00', 1),
       (4, 1, '17:00:00', 2),
	   (4, 2, '17:00:00', 2),
	   (4, 3, '17:00:00', 2),
	   (4, 4, '17:00:00', 2),
	   (4, 6, '17:00:00', 2),
	   (4, 7, '17:00:00', 2),
	   (5, 1, '8:00:00', 1),
	   (5, 2, '8:00:00', 1),
	   (5, 3, '8:00:00', 1),
	   (5, 4, '8:00:00', 1),
	   (5, 6, '8:00:00', 1),
	   (5, 7, '8:00:00', 1),
	   (5, 1, '17:00:00', 2),
	   (5, 2, '17:00:00', 2),
	   (5, 3, '17:00:00', 2),
	   (5, 4, '17:00:00', 2),
	   (5, 6, '17:00:00', 2),
	   (5, 7, '17:00:00', 2)
       

 insert into Servicio (descripcion)
 values ('Ingreso'),
		('Montaña Rusa'),
		('El Gusanito'),
		('Zipper'),
		('Barco Pirata'),
		('Carros Chocones'),
		('Avalancha'),
		('Estrugensen'),
		('Góndola Salpicona'),
		('El Cisne Blanco'),
		('Strapper'),
		('Trampolines'),
		('Splash'),
		('Runners'),
		('Bebidas y Alimentos'),
		('Accesorios'),
		('Games'),
		('Shows')
		 

insert into UbicacionServicio (id_servicio, id_ubicacion)
values (1,5),
	   (2,2),
	   (3,3),
	   (4,4),
	   (5,7),
	   (6,8),
	   (7,10),
	   (8,11),
	   (9,12),
	   (10,16),
	   (11,17),
	   (12,18),
	   (13,20),
	   (14,21),
	   (15,15),
	   (15,19),
	   (15,9),
	   (15,6),
	   (15,1),
	   (16,5),
	   (16,13),
	   (17,22),
	   (18, 13),
	   (18, 14)
	     

insert into Producto (descripcion, precio)
values ('Admisión Adultos', 15),
       ('Admisión Niños', 10),
	   ('Normal Games', 15),
	   ('Ilimited Games', 100),
	   ('Bebidas en Lata', 5),
	   ('Agua Pura en Botella', 5),
	   ('Snacks', 10),
	   ('Playeras', 90),
	   ('Gorras', 50),
	   ('Pulseras',10), 
	   ('Ticket Funcion 1', 25),
	   ('Ticket Funcion 2', 30),
	   ('Ticket Funcion 3', 25),
	   ('Ticket Funcion 4', 15),
	   ('Ticket Funcion 5', 10),
	   ('Ticket Funcion 6', 20),
	   ('Ticket Funcion 7', 25),
	   ('Ticket Funcion 8', 15)


insert into ServicioProducto (id_producto, id_servicio) 
values (1,1),
	   (2,1),
	   (3,2), 
	   (3,3),
	   (3,4),
	   (3,5),
	   (3,6),
	   (3,7),
	   (3,8),
	   (3,9),
	   (3,10),
	   (3,11),
	   (3,12),
	   (3,13),
	   (3,14),
	   (3,17),
	   (4,2),
	   (4,3),
	   (4,4),
	   (4,5),
	   (4,6),
	   (4,7),
	   (4,8),
	   (4,9),
	   (4,10),
	   (4,11),
	   (4,12),
	   (4,13),
	   (4,14),
	   (4,17),
	   (5,15),
	   (6,15),
	   (7,15),
	   (8,16),
	   (9,16),
	   (10,16),
	   (11,18),
	   (12,18),
	   (13,18),
	   (14,18),
	   (15,18),
	   (16,18),
	   (17,18),
	   (18,18)


insert into Cliente (nit, nombre, apellido, direccion)
values ('45544354', 'Nombre 1', 'Apellido 1', 'Ciudad'),
       ('43684645', 'Nombre 2', 'Apellido 2', 'Ciudad'),
	   ('75434634', 'Nombre 3', 'Apellido 3', 'Ciudad'),
	   ('42214623', 'Nombre 4', 'Apellido 4', 'Ciudad'),
	   ('43685756', 'Nombre 5', 'Apellido 5', 'Ciudad'),
	   ('44562534', 'Nombre 6', 'Apellido 6', 'Ciudad'),
	   ('42534264', 'Nombre 7', 'Apellido 7', 'Ciudad'),
	   ('42375248', 'Nombre 8', 'Apellido 8', 'Ciudad'),
	   ('43462353', 'Nombre 9', 'Apellido 9', 'Ciudad'),
	   ('43834565', 'Nombre 10', 'Apellido 10', 'Ciudad'),
	   ('48246345', 'Nombre 11', 'Apellido 11', 'Ciudad'),
	   ('42747456', 'Nombre 12', 'Apellido 12', 'Ciudad'),
	   ('49467445', 'Nombre 13', 'Apellido 13', 'Ciudad'),
	   ('40346534', 'Nombre 14', 'Apellido 14', 'Ciudad'),
	   ('41390784', 'Nombre 15', 'Apellido 15', 'Ciudad'),
	   ('44724884', 'Nombre 16', 'Apellido 16', 'Ciudad'),
	   ('42865674', 'Nombre 17', 'Apellido 17', 'Ciudad'),
	   ('40356456', 'Nombre 18', 'Apellido 18', 'Ciudad'),
	   ('48245614', 'Nombre 19', 'Apellido 19', 'Ciudad'),
	   ('40467543', 'Nombre 20', 'Apellido 20', 'Ciudad'),
	   ('46345223', 'Nombre 21', 'Apellido 21', 'Ciudad'),
	   ('47482453', 'Nombre 22', 'Apellido 22', 'Ciudad'),
	   ('43462345', 'Nombre 23', 'Apellido 23', 'Ciudad'),
	   ('42497494', 'Nombre 24', 'Apellido 24', 'Ciudad'),
	   ('42040201', 'Nombre 25', 'Apellido 25', 'Ciudad'),
	   ('46346123', 'Nombre 26', 'Apellido 26', 'Ciudad'),
	   ('47438686', 'Nombre 27', 'Apellido 27', 'Ciudad'),
	   ('45351234', 'Nombre 28', 'Apellido 28', 'Ciudad'),
	   ('47334345', 'Nombre 29', 'Apellido 29', 'Ciudad'),
	   ('47244536', 'Nombre 30', 'Apellido 30', 'Ciudad'),
	   ('42357324', 'Nombre 31', 'Apellido 31', 'Ciudad'),
	   ('91092342', 'Nombre 32', 'Apellido 32', 'Ciudad'),
	   ('21100713', 'Nombre 33', 'Apellido 33', 'Ciudad'),
	   ('26163543', 'Nombre 34', 'Apellido 34', 'Ciudad'),
	   ('26345342', 'Nombre 35', 'Apellido 35', 'Ciudad'),
	   ('92523241', 'Nombre 36', 'Apellido 36', 'Ciudad'),
	   ('34524231', 'Nombre 37', 'Apellido 37', 'Ciudad'),
	   ('35234634', 'Nombre 38', 'Apellido 38', 'Ciudad'),
	   ('63524233', 'Nombre 39', 'Apellido 39', 'Ciudad'),
	   ('63452346', 'Nombre 40', 'Apellido 40', 'Ciudad'),
	   ('42341524', 'Nombre 41', 'Apellido 41', 'Ciudad'),
	   ('23523634', 'Nombre 42', 'Apellido 42', 'Ciudad'),
	   ('41235243', 'Nombre 43', 'Apellido 43', 'Ciudad'),
	   ('41235964', 'Nombre 44', 'Apellido 44', 'Ciudad'),
	   ('65312343', 'Nombre 45', 'Apellido 45', 'Ciudad'),
	   ('65463532', 'Nombre 46', 'Apellido 46', 'Ciudad'),
	   ('62434522', 'Nombre 47', 'Apellido 47', 'Ciudad'),
	   ('62462344', 'Nombre 48', 'Apellido 48', 'Ciudad'),
	   ('23436754', 'Nombre 49', 'Apellido 49', 'Ciudad'),
	   ('42734541', 'Nombre 50', 'Apellido 50', 'Ciudad'),
	   ('24353235', 'Nombre 51', 'Apellido 51', 'Ciudad'),
	   ('31627345', 'Nombre 52', 'Apellido 52', 'Ciudad'),
	   ('26334846', 'Nombre 53', 'Apellido 53', 'Ciudad'),
	   ('28045623', 'Nombre 54', 'Apellido 54', 'Ciudad'),
	   ('32055634', 'Nombre 55', 'Apellido 55', 'Ciudad'),
	   ('20567423', 'Nombre 56', 'Apellido 56', 'Ciudad'),
	   ('48234610', 'Nombre 57', 'Apellido 57', 'Ciudad'),
	   ('29356036', 'Nombre 58', 'Apellido 58', 'Ciudad'),
	   ('21736434', 'Nombre 59', 'Apellido 59', 'Ciudad'),
	   ('21088723', 'Nombre 60', 'Apellido 60', 'Ciudad'),
	   ('27145107', 'Nombre 61', 'Apellido 61', 'Ciudad'),
	   ('41704642', 'Nombre 62', 'Apellido 62', 'Ciudad'),
	   ('40823471', 'Nombre 63', 'Apellido 63', 'Ciudad'),
	   ('48254728', 'Nombre 64', 'Apellido 64', 'Ciudad'),
	   ('31713451', 'Nombre 65', 'Apellido 65', 'Ciudad'),
	   ('41732345', 'Nombre 66', 'Apellido 66', 'Ciudad'),
	   ('41732453', 'Nombre 67', 'Apellido 67', 'Ciudad'),
	   ('41283461', 'Nombre 68', 'Apellido 68', 'Ciudad'),
	   ('29345823', 'Nombre 69', 'Apellido 69', 'Ciudad'),
	   ('20345778', 'Nombre 70', 'Apellido 70', 'Ciudad'),
	   ('21887325', 'Nombre 71', 'Apellido 71', 'Ciudad'),
	   ('28772355', 'Nombre 72', 'Apellido 72', 'Ciudad'),
	   ('21009677', 'Nombre 73', 'Apellido 73', 'Ciudad'),
	   ('27512517', 'Nombre 74', 'Apellido 74', 'Ciudad'),
	   ('28170455', 'Nombre 75', 'Apellido 75', 'Ciudad'),
	   ('20197332', 'Nombre 76', 'Apellido 76', 'Ciudad'),
	   ('27136197', 'Nombre 77', 'Apellido 77', 'Ciudad'),
	   ('41461750', 'Nombre 78', 'Apellido 78', 'Ciudad'),
	   ('41808776', 'Nombre 79', 'Apellido 79', 'Ciudad'),
	   ('37108234', 'Nombre 80', 'Apellido 80', 'Ciudad'),
	   ('40192489', 'Nombre 81', 'Apellido 81', 'Ciudad'),
	   ('20239134', 'Nombre 82', 'Apellido 82', 'Ciudad'),
	   ('21058029', 'Nombre 83', 'Apellido 83', 'Ciudad'),
	   ('29353944', 'Nombre 84', 'Apellido 84', 'Ciudad'),
	   ('20350801', 'Nombre 85', 'Apellido 85', 'Ciudad'),
	   ('28901034', 'Nombre 86', 'Apellido 86', 'Ciudad'),
	   ('20109901', 'Nombre 87', 'Apellido 87', 'Ciudad'),
	   ('49193002', 'Nombre 88', 'Apellido 88', 'Ciudad'),
	   ('31502093', 'Nombre 89', 'Apellido 89', 'Ciudad'),
	   ('41019401', 'Nombre 90', 'Apellido 90', 'Ciudad'),
	   ('20190323', 'Nombre 91', 'Apellido 91', 'Ciudad'),
	   ('20190513', 'Nombre 92', 'Apellido 92', 'Ciudad'),
	   ('41923529', 'Nombre 93', 'Apellido 93', 'Ciudad'),
	   ('40123240', 'Nombre 94', 'Apellido 94', 'Ciudad'),
	   ('30290523', 'Nombre 95', 'Apellido 95', 'Ciudad'),
	   ('29013589', 'Nombre 96', 'Apellido 96', 'Ciudad'),
	   ('29868042', 'Nombre 97', 'Apellido 97', 'Ciudad'),
	   ('20109489', 'Nombre 98', 'Apellido 98', 'Ciudad'),
	   ('29056898', 'Nombre 99', 'Apellido 99', 'Ciudad'),
	   ('20910958', 'Nombre 100', 'Apellido 100', 'Ciudad'),
	   ('20919514', 'Nombre 101', 'Apellido 101', 'Ciudad'),
	   ('23589580', 'Nombre 102', 'Apellido 102', 'Ciudad'),
	   ('23483274', 'Nombre 103', 'Apellido 103', 'Ciudad'),
	   ('57349234', 'Nombre 104', 'Apellido 104', 'Ciudad'),
	   ('25984141', 'Nombre 105', 'Apellido 105', 'Ciudad'),
	   ('23948058', 'Nombre 106', 'Apellido 106', 'Ciudad'),
	   ('23957982', 'Nombre 107', 'Apellido 107', 'Ciudad'),
	   ('25809834', 'Nombre 108', 'Apellido 108', 'Ciudad'),
	   ('25309485', 'Nombre 109', 'Apellido 109', 'Ciudad'),
	   ('20950630', 'Nombre 110', 'Apellido 110', 'Ciudad'),
	   ('42535978', 'Nombre 111', 'Apellido 111', 'Ciudad'),
	   ('49809233', 'Nombre 112', 'Apellido 112', 'Ciudad'),
	   ('20390508', 'Nombre 113', 'Apellido 113', 'Ciudad'),
	   ('30924830', 'Nombre 114', 'Apellido 114', 'Ciudad'),
	   ('40928485', 'Nombre 115', 'Apellido 115', 'Ciudad'),
	   ('28309585', 'Nombre 116', 'Apellido 116', 'Ciudad'),
	   ('38592805', 'Nombre 117', 'Apellido 117', 'Ciudad'),
	   ('42459385', 'Nombre 118', 'Apellido 118', 'Ciudad'),
	   ('44891787', 'Nombre 119', 'Apellido 119', 'Ciudad'),
	   ('28570253', 'Nombre 120', 'Apellido 120', 'Ciudad'),
	   ('39827158', 'Nombre 121', 'Apellido 121', 'Ciudad'),
	   ('25120758', 'Nombre 122', 'Apellido 122', 'Ciudad'),
	   ('20523245', 'Nombre 123', 'Apellido 123', 'Ciudad'),
	   ('42908528', 'Nombre 124', 'Apellido 124', 'Ciudad'),
	   ('27095289', 'Nombre 125', 'Apellido 125', 'Ciudad'),
	   ('25879025', 'Nombre 126', 'Apellido 126', 'Ciudad'),
	   ('20257982', 'Nombre 127', 'Apellido 127', 'Ciudad'),
	   ('25898372', 'Nombre 128', 'Apellido 128', 'Ciudad'),
	   ('25789752', 'Nombre 129', 'Apellido 129', 'Ciudad'),
	   ('20014001', 'Nombre 130', 'Apellido 130', 'Ciudad'),
	   ('27958732', 'Nombre 131', 'Apellido 131', 'Ciudad'),
	   ('40919340', 'Nombre 132', 'Apellido 132', 'Ciudad'),
	   ('49014012', 'Nombre 133', 'Apellido 133', 'Ciudad'),
	   ('25162363', 'Nombre 134', 'Apellido 134', 'Ciudad'),
	   ('23048590', 'Nombre 135', 'Apellido 135', 'Ciudad'),
	   ('32902519', 'Nombre 136', 'Apellido 136', 'Ciudad'),
	   ('41410249', 'Nombre 137', 'Apellido 137', 'Ciudad'),
	   ('20359089', 'Nombre 138', 'Apellido 138', 'Ciudad'),
	   ('20838585', 'Nombre 139', 'Apellido 139', 'Ciudad'),
	   ('29075709', 'Nombre 140', 'Apellido 140', 'Ciudad'),
	   ('49285989', 'Nombre 141', 'Apellido 141', 'Ciudad'),
	   ('41880934', 'Nombre 142', 'Apellido 142', 'Ciudad'),
	   ('23494084', 'Nombre 143', 'Apellido 143', 'Ciudad'),
	   ('40192803', 'Nombre 144', 'Apellido 144', 'Ciudad'),
	   ('31029384', 'Nombre 145', 'Apellido 145', 'Ciudad'),
	   ('29058949', 'Nombre 146', 'Apellido 146', 'Ciudad'),
	   ('20984095', 'Nombre 147', 'Apellido 147', 'Ciudad'),
	   ('21840984', 'Nombre 148', 'Apellido 148', 'Ciudad'),
	   ('20984948', 'Nombre 149', 'Apellido 149', 'Ciudad'),
	   ('28973598', 'Nombre 150', 'Apellido 150', 'Ciudad')
	   
	   
	  

	


